[
  {
    "id": 1,
    "name": "Автономна Республіка Крим"
  },
  {
    "id": 2,
    "name": "Вінницька обл."
  },
  {
    "id": 3,
    "name": "Волинська обл."
  },
  {
    "id": 4,
    "name": "Дніпропетровська обл."
  },
  {
    "id": 5,
    "name": "Донецька обл."
  },
  {
    "id": 6,
    "name": "Житомирська обл."
  },
  {
    "id": 7,
    "name": "Закарпатська обл."
  },
  {
    "id": 8,
    "name": "Запорізька обл."
  },
  {
    "id": 9,
    "name": "Івано-Франківська обл."
  },
  {
    "id": 10,
    "name": "Київська обл."
  },
  {
    "id": 11,
    "name": "Кіровоградська обл."
  },
  {
    "id": 12,
    "name": "Луганська обл."
  },
  {
    "id": 13,
    "name": "Львівська обл."
  },
  {
    "id": 14,
    "name": "Миколаївська обл."
  },
  {
    "id": 15,
    "name": "Одеська обл."
  },
  {
    "id": 16,
    "name": "Полтавська обл."
  },
  {
    "id": 17,
    "name": "Рівненська обл."
  },
  {
    "id": 18,
    "name": "Сумська обл."
  },
  {
    "id": 19,
    "name": "Тернопільська обл."
  },
  {
    "id": 20,
    "name": "Харківська обл."
  },
  {
    "id": 21,
    "name": "Херсонська обл."
  },
  {
    "id": 22,
    "name": "Хмельницька обл."
  },
  {
    "id": 23,
    "name": "Черкаська обл."
  },
  {
    "id": 24,
    "name": "Чернівецька обл."
  },
  {
    "id": 25,
    "name": "Чернігівська обл."
  },
  {
    "id": 26,
    "name": "м.Київ"
  },
  {
    "id": 27,
    "name": "м.Севастополь"
  }
]
