[
  {
    "id": 1,
    "name": "Бахчисарайський р-н",
    "obl_id": 1
  },
  {
    "id": 2,
    "name": "Білогірський р-н",
    "obl_id": 1
  },
  {
    "id": 3,
    "name": "Джанкойський р-н",
    "obl_id": 1
  },
  {
    "id": 4,
    "name": "Кіровський р-н",
    "obl_id": 1
  },
  {
    "id": 5,
    "name": "Красногвардійський р-н",
    "obl_id": 1
  },
  {
    "id": 6,
    "name": "Красноперекопський р-н",
    "obl_id": 1
  },
  {
    "id": 7,
    "name": "Ленінський р-н",
    "obl_id": 1
  },
  {
    "id": 8,
    "name": "Нижньогірський р-н",
    "obl_id": 1
  },
  {
    "id": 9,
    "name": "Первомайський р-н",
    "obl_id": 1
  },
  {
    "id": 10,
    "name": "Роздольненський р-н",
    "obl_id": 1
  },
  {
    "id": 11,
    "name": "Сакський р-н",
    "obl_id": 1
  },
  {
    "id": 12,
    "name": "Сімферопольський р-н",
    "obl_id": 1
  },
  {
    "id": 13,
    "name": "Совєтський р-н",
    "obl_id": 1
  },
  {
    "id": 14,
    "name": "Чорноморський р-н",
    "obl_id": 1
  },
  {
    "id": 15,
    "name": "Барський р-н",
    "obl_id": 2
  },
  {
    "id": 16,
    "name": "Бершадський р-н",
    "obl_id": 2
  },
  {
    "id": 17,
    "name": "Вінницький р-н",
    "obl_id": 2
  },
  {
    "id": 18,
    "name": "Гайсинський р-н",
    "obl_id": 2
  },
  {
    "id": 19,
    "name": "Жмеринський р-н",
    "obl_id": 2
  },
  {
    "id": 20,
    "name": "Іллінецький р-н",
    "obl_id": 2
  },
  {
    "id": 21,
    "name": "Козятинський р-н",
    "obl_id": 2
  },
  {
    "id": 22,
    "name": "Калинівський р-н",
    "obl_id": 2
  },
  {
    "id": 23,
    "name": "Крижопільський р-н",
    "obl_id": 2
  },
  {
    "id": 24,
    "name": "Липовецький р-н",
    "obl_id": 2
  },
  {
    "id": 25,
    "name": "Літинський р-н",
    "obl_id": 2
  },
  {
    "id": 26,
    "name": "Могилів-Подільський р-н",
    "obl_id": 2
  },
  {
    "id": 27,
    "name": "Мурованокуриловецький р-н",
    "obl_id": 2
  },
  {
    "id": 28,
    "name": "Немирівський р-н",
    "obl_id": 2
  },
  {
    "id": 29,
    "name": "Оратівський р-н",
    "obl_id": 2
  },
  {
    "id": 30,
    "name": "Піщанський р-н",
    "obl_id": 2
  },
  {
    "id": 31,
    "name": "Погребищенський р-н",
    "obl_id": 2
  },
  {
    "id": 32,
    "name": "Теплицький р-н",
    "obl_id": 2
  },
  {
    "id": 33,
    "name": "Томашпільський р-н",
    "obl_id": 2
  },
  {
    "id": 34,
    "name": "Тростянецький р-н",
    "obl_id": 2
  },
  {
    "id": 35,
    "name": "Тульчинський р-н",
    "obl_id": 2
  },
  {
    "id": 36,
    "name": "Тиврівський р-н",
    "obl_id": 2
  },
  {
    "id": 37,
    "name": "Хмільницький р-н",
    "obl_id": 2
  },
  {
    "id": 38,
    "name": "Чернівецький р-н",
    "obl_id": 2
  },
  {
    "id": 39,
    "name": "Чечельницький р-н",
    "obl_id": 2
  },
  {
    "id": 40,
    "name": "Шаргородський р-н",
    "obl_id": 2
  },
  {
    "id": 41,
    "name": "Ямпільський р-н",
    "obl_id": 2
  },
  {
    "id": 42,
    "name": "Володимир-Волинський р-н",
    "obl_id": 3
  },
  {
    "id": 43,
    "name": "Горохівський р-н",
    "obl_id": 3
  },
  {
    "id": 44,
    "name": "Іваничівський р-н",
    "obl_id": 3
  },
  {
    "id": 45,
    "name": "Камінь-Каширський р-н",
    "obl_id": 3
  },
  {
    "id": 46,
    "name": "Ківерцівський р-н",
    "obl_id": 3
  },
  {
    "id": 47,
    "name": "Ковельський р-н",
    "obl_id": 3
  },
  {
    "id": 48,
    "name": "Локачинський р-н",
    "obl_id": 3
  },
  {
    "id": 49,
    "name": "Луцький р-н",
    "obl_id": 3
  },
  {
    "id": 50,
    "name": "Любешівський р-н",
    "obl_id": 3
  },
  {
    "id": 51,
    "name": "Любомльський р-н",
    "obl_id": 3
  },
  {
    "id": 52,
    "name": "Маневицький р-н",
    "obl_id": 3
  },
  {
    "id": 53,
    "name": "Ратнівський р-н",
    "obl_id": 3
  },
  {
    "id": 54,
    "name": "Рожищенський р-н",
    "obl_id": 3
  },
  {
    "id": 55,
    "name": "Старовижівський р-н",
    "obl_id": 3
  },
  {
    "id": 56,
    "name": "Турійський р-н",
    "obl_id": 3
  },
  {
    "id": 57,
    "name": "Шацький р-н",
    "obl_id": 3
  },
  {
    "id": 58,
    "name": "Апостолівський р-н",
    "obl_id": 4
  },
  {
    "id": 59,
    "name": "Васильківський р-н",
    "obl_id": 4
  },
  {
    "id": 60,
    "name": "Верхньодніпровський р-н",
    "obl_id": 4
  },
  {
    "id": 61,
    "name": "Дніпропетровський р-н",
    "obl_id": 4
  },
  {
    "id": 62,
    "name": "Криворізький р-н",
    "obl_id": 4
  },
  {
    "id": 63,
    "name": "Криничанський р-н",
    "obl_id": 4
  },
  {
    "id": 64,
    "name": "Магдалинівський р-н",
    "obl_id": 4
  },
  {
    "id": 65,
    "name": "Межівський р-н",
    "obl_id": 4
  },
  {
    "id": 66,
    "name": "Нікопольський р-н",
    "obl_id": 4
  },
  {
    "id": 67,
    "name": "Новомосковський р-н",
    "obl_id": 4
  },
  {
    "id": 68,
    "name": "Павлоградський р-н",
    "obl_id": 4
  },
  {
    "id": 69,
    "name": "Петриківський р-н",
    "obl_id": 4
  },
  {
    "id": 70,
    "name": "Петропавлівський р-н",
    "obl_id": 4
  },
  {
    "id": 71,
    "name": "Покровський р-н",
    "obl_id": 4
  },
  {
    "id": 72,
    "name": "П'ятихатський р-н",
    "obl_id": 4
  },
  {
    "id": 73,
    "name": "Синельниківський р-н",
    "obl_id": 4
  },
  {
    "id": 74,
    "name": "Солонянський р-н",
    "obl_id": 4
  },
  {
    "id": 75,
    "name": "Софіївський р-н",
    "obl_id": 4
  },
  {
    "id": 76,
    "name": "Томаківський р-н",
    "obl_id": 4
  },
  {
    "id": 77,
    "name": "Царичанський р-н",
    "obl_id": 4
  },
  {
    "id": 78,
    "name": "Широківський р-н",
    "obl_id": 4
  },
  {
    "id": 79,
    "name": "Юр'ївський р-н",
    "obl_id": 4
  },
  {
    "id": 80,
    "name": "Дніпровський р-н",
    "obl_id": 4
  },
  {
    "id": 81,
    "name": "Олександрівський р-н",
    "obl_id": 5
  },
  {
    "id": 82,
    "name": "Амвросіївський р-н",
    "obl_id": 5
  },
  {
    "id": 83,
    "name": "Артемівський р-н",
    "obl_id": 5
  },
  {
    "id": 84,
    "name": "Великоновосілківський р-н",
    "obl_id": 5
  },
  {
    "id": 85,
    "name": "Волноваський р-н",
    "obl_id": 5
  },
  {
    "id": 86,
    "name": "Володарський р-н",
    "obl_id": 5
  },
  {
    "id": 87,
    "name": "Добропільський р-н",
    "obl_id": 5
  },
  {
    "id": 88,
    "name": "Костянтинівський р-н",
    "obl_id": 5
  },
  {
    "id": 89,
    "name": "Красноармійський р-н",
    "obl_id": 5
  },
  {
    "id": 90,
    "name": "Краснолиманський р-н",
    "obl_id": 5
  },
  {
    "id": 91,
    "name": "Мар'їнський р-н",
    "obl_id": 5
  },
  {
    "id": 92,
    "name": "Новоазовський р-н",
    "obl_id": 5
  },
  {
    "id": 93,
    "name": "Першотравневий р-н",
    "obl_id": 5
  },
  {
    "id": 94,
    "name": "Слов'янський р-н",
    "obl_id": 5
  },
  {
    "id": 95,
    "name": "Старобешівський р-н",
    "obl_id": 5
  },
  {
    "id": 96,
    "name": "Тельманівський р-н",
    "obl_id": 5
  },
  {
    "id": 97,
    "name": "Шахтарський р-н",
    "obl_id": 5
  },
  {
    "id": 98,
    "name": "Ясинуватський р-н",
    "obl_id": 5
  },
  {
    "id": 99,
    "name": "Бахмутський р-н",
    "obl_id": 5
  },
  {
    "id": 100,
    "name": "Нікольський р-н",
    "obl_id": 5
  },
  {
    "id": 101,
    "name": "Андрушівський р-н",
    "obl_id": 6
  },
  {
    "id": 102,
    "name": "Баранівський р-н",
    "obl_id": 6
  },
  {
    "id": 103,
    "name": "Бердичівський р-н",
    "obl_id": 6
  },
  {
    "id": 104,
    "name": "Брусилівський р-н",
    "obl_id": 6
  },
  {
    "id": 105,
    "name": "Володарсько-Волинський р-н",
    "obl_id": 6
  },
  {
    "id": 106,
    "name": "Романівський р-н",
    "obl_id": 6
  },
  {
    "id": 107,
    "name": "Ємільчинський р-н",
    "obl_id": 6
  },
  {
    "id": 108,
    "name": "Житомирський р-н",
    "obl_id": 6
  },
  {
    "id": 109,
    "name": "Коростенський р-н",
    "obl_id": 6
  },
  {
    "id": 110,
    "name": "Коростишівський р-н",
    "obl_id": 6
  },
  {
    "id": 111,
    "name": "Лугинський р-н",
    "obl_id": 6
  },
  {
    "id": 112,
    "name": "Любарський р-н",
    "obl_id": 6
  },
  {
    "id": 113,
    "name": "Малинський р-н",
    "obl_id": 6
  },
  {
    "id": 114,
    "name": "Народицький р-н",
    "obl_id": 6
  },
  {
    "id": 115,
    "name": "Новоград-Волинський р-н",
    "obl_id": 6
  },
  {
    "id": 116,
    "name": "Овруцький р-н",
    "obl_id": 6
  },
  {
    "id": 117,
    "name": "Олевський р-н",
    "obl_id": 6
  },
  {
    "id": 118,
    "name": "Попільнянський р-н",
    "obl_id": 6
  },
  {
    "id": 119,
    "name": "Радомишльський р-н",
    "obl_id": 6
  },
  {
    "id": 120,
    "name": "Ружинський р-н",
    "obl_id": 6
  },
  {
    "id": 121,
    "name": "Червоноармійський р-н",
    "obl_id": 6
  },
  {
    "id": 122,
    "name": "Черняхівський р-н",
    "obl_id": 6
  },
  {
    "id": 123,
    "name": "Чуднівський р-н",
    "obl_id": 6
  },
  {
    "id": 124,
    "name": "Пулинський р-н",
    "obl_id": 6
  },
  {
    "id": 125,
    "name": "Берегівський р-н",
    "obl_id": 7
  },
  {
    "id": 126,
    "name": "Великоберезнянський р-н",
    "obl_id": 7
  },
  {
    "id": 127,
    "name": "Виноградівський р-н",
    "obl_id": 7
  },
  {
    "id": 128,
    "name": "Воловецький р-н",
    "obl_id": 7
  },
  {
    "id": 129,
    "name": "Іршавський р-н",
    "obl_id": 7
  },
  {
    "id": 130,
    "name": "Міжгірський р-н",
    "obl_id": 7
  },
  {
    "id": 131,
    "name": "Мукачівський р-н",
    "obl_id": 7
  },
  {
    "id": 132,
    "name": "Перечинський р-н",
    "obl_id": 7
  },
  {
    "id": 133,
    "name": "Рахівський р-н",
    "obl_id": 7
  },
  {
    "id": 134,
    "name": "Свалявський р-н",
    "obl_id": 7
  },
  {
    "id": 135,
    "name": "Тячівський р-н",
    "obl_id": 7
  },
  {
    "id": 136,
    "name": "Ужгородський р-н",
    "obl_id": 7
  },
  {
    "id": 137,
    "name": "Хустський р-н",
    "obl_id": 7
  },
  {
    "id": 138,
    "name": "Якимівський р-н",
    "obl_id": 8
  },
  {
    "id": 139,
    "name": "Бердянський р-н",
    "obl_id": 8
  },
  {
    "id": 140,
    "name": "Василівський р-н",
    "obl_id": 8
  },
  {
    "id": 141,
    "name": "Великобілозерський р-н",
    "obl_id": 8
  },
  {
    "id": 142,
    "name": "Веселівський р-н",
    "obl_id": 8
  },
  {
    "id": 143,
    "name": "Вільнянський р-н",
    "obl_id": 8
  },
  {
    "id": 144,
    "name": "Гуляйпільський р-н",
    "obl_id": 8
  },
  {
    "id": 145,
    "name": "Запорізький р-н",
    "obl_id": 8
  },
  {
    "id": 146,
    "name": "Кам'янсько-Дніпровський р-н",
    "obl_id": 8
  },
  {
    "id": 147,
    "name": "Куйбишевський р-н",
    "obl_id": 8
  },
  {
    "id": 148,
    "name": "Мелітопольський р-н",
    "obl_id": 8
  },
  {
    "id": 149,
    "name": "Михайлівський р-н",
    "obl_id": 8
  },
  {
    "id": 150,
    "name": "Новомиколаївський р-н",
    "obl_id": 8
  },
  {
    "id": 151,
    "name": "Оріхівський р-н",
    "obl_id": 8
  },
  {
    "id": 152,
    "name": "Пологівський р-н",
    "obl_id": 8
  },
  {
    "id": 153,
    "name": "Приазовський р-н",
    "obl_id": 8
  },
  {
    "id": 154,
    "name": "Приморський р-н",
    "obl_id": 8
  },
  {
    "id": 155,
    "name": "Розівський р-н",
    "obl_id": 8
  },
  {
    "id": 156,
    "name": "Токмацький р-н",
    "obl_id": 8
  },
  {
    "id": 157,
    "name": "Чернігівський р-н",
    "obl_id": 8
  },
  {
    "id": 158,
    "name": "Більмацький р-н",
    "obl_id": 8
  },
  {
    "id": 159,
    "name": "Райони Івано-Франківської області",
    "obl_id": 9
  },
  {
    "id": 160,
    "name": "Богородчанський р-н",
    "obl_id": 9
  },
  {
    "id": 161,
    "name": "Верховинський р-н",
    "obl_id": 9
  },
  {
    "id": 162,
    "name": "Галицький р-н",
    "obl_id": 9
  },
  {
    "id": 163,
    "name": "Городенківський р-н",
    "obl_id": 9
  },
  {
    "id": 164,
    "name": "Долинський р-н",
    "obl_id": 9
  },
  {
    "id": 165,
    "name": "Калуський р-н",
    "obl_id": 9
  },
  {
    "id": 166,
    "name": "Коломийський р-н",
    "obl_id": 9
  },
  {
    "id": 167,
    "name": "Косівський р-н",
    "obl_id": 9
  },
  {
    "id": 168,
    "name": "Надвірнянський р-н",
    "obl_id": 9
  },
  {
    "id": 169,
    "name": "Рогатинський р-н",
    "obl_id": 9
  },
  {
    "id": 170,
    "name": "Рожнятівський р-н",
    "obl_id": 9
  },
  {
    "id": 171,
    "name": "Снятинський р-н",
    "obl_id": 9
  },
  {
    "id": 172,
    "name": "Тлумацький р-н",
    "obl_id": 9
  },
  {
    "id": 173,
    "name": "Тисменицький р-н",
    "obl_id": 9
  },
  {
    "id": 174,
    "name": "Баришівський р-н",
    "obl_id": 10
  },
  {
    "id": 175,
    "name": "Білоцерківський р-н",
    "obl_id": 10
  },
  {
    "id": 176,
    "name": "Богуславський р-н",
    "obl_id": 10
  },
  {
    "id": 177,
    "name": "Бориспільський р-н",
    "obl_id": 10
  },
  {
    "id": 178,
    "name": "Бородянський р-н",
    "obl_id": 10
  },
  {
    "id": 179,
    "name": "Броварський р-н",
    "obl_id": 10
  },
  {
    "id": 180,
    "name": "Вишгородський р-н",
    "obl_id": 10
  },
  {
    "id": 181,
    "name": "Згурівський р-н",
    "obl_id": 10
  },
  {
    "id": 182,
    "name": "Іванківський р-н",
    "obl_id": 10
  },
  {
    "id": 183,
    "name": "Кагарлицький р-н",
    "obl_id": 10
  },
  {
    "id": 184,
    "name": "Києво-Святошинський р-н",
    "obl_id": 10
  },
  {
    "id": 185,
    "name": "Макарівський р-н",
    "obl_id": 10
  },
  {
    "id": 186,
    "name": "Миронівський р-н",
    "obl_id": 10
  },
  {
    "id": 187,
    "name": "Обухівський р-н",
    "obl_id": 10
  },
  {
    "id": 188,
    "name": "Переяслав-Хмельницький р-н",
    "obl_id": 10
  },
  {
    "id": 189,
    "name": "Поліський р-н",
    "obl_id": 10
  },
  {
    "id": 190,
    "name": "Рокитнянський р-н",
    "obl_id": 10
  },
  {
    "id": 191,
    "name": "Сквирський р-н",
    "obl_id": 10
  },
  {
    "id": 192,
    "name": "Ставищенський р-н",
    "obl_id": 10
  },
  {
    "id": 193,
    "name": "Таращанський р-н",
    "obl_id": 10
  },
  {
    "id": 194,
    "name": "Тетіївський р-н",
    "obl_id": 10
  },
  {
    "id": 195,
    "name": "Фастівський р-н",
    "obl_id": 10
  },
  {
    "id": 196,
    "name": "Яготинський р-н",
    "obl_id": 10
  },
  {
    "id": 197,
    "name": "Олександрійський р-н",
    "obl_id": 11
  },
  {
    "id": 198,
    "name": "Бобринецький р-н",
    "obl_id": 11
  },
  {
    "id": 199,
    "name": "Гайворонський р-н",
    "obl_id": 11
  },
  {
    "id": 200,
    "name": "Голованівський р-н",
    "obl_id": 11
  },
  {
    "id": 201,
    "name": "Добровеличківський р-н",
    "obl_id": 11
  },
  {
    "id": 202,
    "name": "Знам'янський р-н",
    "obl_id": 11
  },
  {
    "id": 203,
    "name": "Кіровоградський р-н",
    "obl_id": 11
  },
  {
    "id": 204,
    "name": "Компаніївський р-н",
    "obl_id": 11
  },
  {
    "id": 205,
    "name": "Маловисківський р-н",
    "obl_id": 11
  },
  {
    "id": 206,
    "name": "Новгородківський р-н",
    "obl_id": 11
  },
  {
    "id": 207,
    "name": "Новоархангельський р-н",
    "obl_id": 11
  },
  {
    "id": 208,
    "name": "Новомиргородський р-н",
    "obl_id": 11
  },
  {
    "id": 209,
    "name": "Новоукраїнський р-н",
    "obl_id": 11
  },
  {
    "id": 210,
    "name": "Вільшанський р-н",
    "obl_id": 11
  },
  {
    "id": 211,
    "name": "Онуфріївський р-н",
    "obl_id": 11
  },
  {
    "id": 212,
    "name": "Петрівський р-н",
    "obl_id": 11
  },
  {
    "id": 213,
    "name": "Світловодський р-н",
    "obl_id": 11
  },
  {
    "id": 214,
    "name": "Ульяновський р-н",
    "obl_id": 11
  },
  {
    "id": 215,
    "name": "Устинівський р-н",
    "obl_id": 11
  },
  {
    "id": 216,
    "name": "Благовіщенський р-н",
    "obl_id": 11
  },
  {
    "id": 217,
    "name": "Антрацитівський р-н",
    "obl_id": 12
  },
  {
    "id": 218,
    "name": "Біловодський р-н",
    "obl_id": 12
  },
  {
    "id": 219,
    "name": "Білокуракинський р-н",
    "obl_id": 12
  },
  {
    "id": 220,
    "name": "Краснодонський р-н",
    "obl_id": 12
  },
  {
    "id": 221,
    "name": "Кремінський р-н",
    "obl_id": 12
  },
  {
    "id": 222,
    "name": "Лутугинський р-н",
    "obl_id": 12
  },
  {
    "id": 223,
    "name": "Марківський р-н",
    "obl_id": 12
  },
  {
    "id": 224,
    "name": "Міловський р-н",
    "obl_id": 12
  },
  {
    "id": 225,
    "name": "Новоайдарський р-н",
    "obl_id": 12
  },
  {
    "id": 226,
    "name": "Новопсковський р-н",
    "obl_id": 12
  },
  {
    "id": 227,
    "name": "Перевальський р-н",
    "obl_id": 12
  },
  {
    "id": 228,
    "name": "Попаснянський р-н",
    "obl_id": 12
  },
  {
    "id": 229,
    "name": "Сватівський р-н",
    "obl_id": 12
  },
  {
    "id": 230,
    "name": "Свердловський р-н",
    "obl_id": 12
  },
  {
    "id": 231,
    "name": "Слов'яносербський р-н",
    "obl_id": 12
  },
  {
    "id": 232,
    "name": "Станично-Луганський р-н",
    "obl_id": 12
  },
  {
    "id": 233,
    "name": "Старобільський р-н",
    "obl_id": 12
  },
  {
    "id": 234,
    "name": "Троїцький р-н",
    "obl_id": 12
  },
  {
    "id": 235,
    "name": "Бродівський р-н",
    "obl_id": 13
  },
  {
    "id": 236,
    "name": "Буський р-н",
    "obl_id": 13
  },
  {
    "id": 237,
    "name": "Городоцький р-н",
    "obl_id": 13
  },
  {
    "id": 238,
    "name": "Дрогобицький р-н",
    "obl_id": 13
  },
  {
    "id": 239,
    "name": "Жидачівський р-н",
    "obl_id": 13
  },
  {
    "id": 240,
    "name": "Золочівський р-н",
    "obl_id": 13
  },
  {
    "id": 241,
    "name": "Кам'янка-Бузький р-н",
    "obl_id": 13
  },
  {
    "id": 242,
    "name": "Мостиський р-н",
    "obl_id": 13
  },
  {
    "id": 243,
    "name": "Жовківський р-н",
    "obl_id": 13
  },
  {
    "id": 244,
    "name": "Миколаївський р-н",
    "obl_id": 13
  },
  {
    "id": 245,
    "name": "Перемишлянський р-н",
    "obl_id": 13
  },
  {
    "id": 246,
    "name": "Пустомитівський р-н",
    "obl_id": 13
  },
  {
    "id": 247,
    "name": "Радехівський р-н",
    "obl_id": 13
  },
  {
    "id": 248,
    "name": "Самбірський р-н",
    "obl_id": 13
  },
  {
    "id": 249,
    "name": "Сколівський р-н",
    "obl_id": 13
  },
  {
    "id": 250,
    "name": "Сокальський р-н",
    "obl_id": 13
  },
  {
    "id": 251,
    "name": "Старосамбірський р-н",
    "obl_id": 13
  },
  {
    "id": 252,
    "name": "Стрийський р-н",
    "obl_id": 13
  },
  {
    "id": 253,
    "name": "Турківський р-н",
    "obl_id": 13
  },
  {
    "id": 254,
    "name": "Яворівський р-н",
    "obl_id": 13
  },
  {
    "id": 255,
    "name": "Арбузинський р-н",
    "obl_id": 14
  },
  {
    "id": 256,
    "name": "Баштанський р-н",
    "obl_id": 14
  },
  {
    "id": 257,
    "name": "Березанський р-н",
    "obl_id": 14
  },
  {
    "id": 258,
    "name": "Березнегуватський р-н",
    "obl_id": 14
  },
  {
    "id": 259,
    "name": "Братський р-н",
    "obl_id": 14
  },
  {
    "id": 260,
    "name": "Веселинівський р-н",
    "obl_id": 14
  },
  {
    "id": 261,
    "name": "Вознесенський р-н",
    "obl_id": 14
  },
  {
    "id": 262,
    "name": "Врадіївський р-н",
    "obl_id": 14
  },
  {
    "id": 263,
    "name": "Доманівський р-н",
    "obl_id": 14
  },
  {
    "id": 264,
    "name": "Єланецький р-н",
    "obl_id": 14
  },
  {
    "id": 265,
    "name": "Жовтневий р-н",
    "obl_id": 14
  },
  {
    "id": 266,
    "name": "Казанківський р-н",
    "obl_id": 14
  },
  {
    "id": 267,
    "name": "Кривоозерський р-н",
    "obl_id": 14
  },
  {
    "id": 268,
    "name": "Новобузький р-н",
    "obl_id": 14
  },
  {
    "id": 269,
    "name": "Новоодеський р-н",
    "obl_id": 14
  },
  {
    "id": 270,
    "name": "Очаківський р-н",
    "obl_id": 14
  },
  {
    "id": 271,
    "name": "Снігурівський р-н",
    "obl_id": 14
  },
  {
    "id": 272,
    "name": "Вітовський р-н",
    "obl_id": 14
  },
  {
    "id": 273,
    "name": "Ананьївський р-н",
    "obl_id": 15
  },
  {
    "id": 274,
    "name": "Арцизький р-н",
    "obl_id": 15
  },
  {
    "id": 275,
    "name": "Балтський р-н",
    "obl_id": 15
  },
  {
    "id": 276,
    "name": "Білгород-Дністровський р-н",
    "obl_id": 15
  },
  {
    "id": 277,
    "name": "Біляївський р-н",
    "obl_id": 15
  },
  {
    "id": 278,
    "name": "Березівський р-н",
    "obl_id": 15
  },
  {
    "id": 279,
    "name": "Болградський р-н",
    "obl_id": 15
  },
  {
    "id": 280,
    "name": "Великомихайлівський р-н",
    "obl_id": 15
  },
  {
    "id": 281,
    "name": "Іванівський р-н",
    "obl_id": 15
  },
  {
    "id": 282,
    "name": "Ізмаїльський р-н",
    "obl_id": 15
  },
  {
    "id": 283,
    "name": "Кілійський р-н",
    "obl_id": 15
  },
  {
    "id": 284,
    "name": "Кодимський р-н",
    "obl_id": 15
  },
  {
    "id": 285,
    "name": "Комінтернівський р-н",
    "obl_id": 15
  },
  {
    "id": 286,
    "name": "Котовський р-н",
    "obl_id": 15
  },
  {
    "id": 287,
    "name": "Красноокнянський р-н",
    "obl_id": 15
  },
  {
    "id": 288,
    "name": "Любашівський р-н",
    "obl_id": 15
  },
  {
    "id": 289,
    "name": "Овідіопольський р-н",
    "obl_id": 15
  },
  {
    "id": 290,
    "name": "Роздільнянський р-н",
    "obl_id": 15
  },
  {
    "id": 291,
    "name": "Ренійський р-н",
    "obl_id": 15
  },
  {
    "id": 292,
    "name": "Савранський р-н",
    "obl_id": 15
  },
  {
    "id": 293,
    "name": "Саратський р-н",
    "obl_id": 15
  },
  {
    "id": 294,
    "name": "Тарутинський р-н",
    "obl_id": 15
  },
  {
    "id": 295,
    "name": "Татарбунарський р-н",
    "obl_id": 15
  },
  {
    "id": 296,
    "name": "Фрунзівський р-н",
    "obl_id": 15
  },
  {
    "id": 297,
    "name": "Ширяївський р-н",
    "obl_id": 15
  },
  {
    "id": 298,
    "name": "Подільський р-н",
    "obl_id": 15
  },
  {
    "id": 299,
    "name": "Лиманський р-н",
    "obl_id": 15
  },
  {
    "id": 300,
    "name": "Окнянський р-н",
    "obl_id": 15
  },
  {
    "id": 301,
    "name": "Захарівський р-н",
    "obl_id": 15
  },
  {
    "id": 302,
    "name": "Великобагачанський р-н",
    "obl_id": 16
  },
  {
    "id": 303,
    "name": "Гадяцький р-н",
    "obl_id": 16
  },
  {
    "id": 304,
    "name": "Глобинський р-н",
    "obl_id": 16
  },
  {
    "id": 305,
    "name": "Гребінківський р-н",
    "obl_id": 16
  },
  {
    "id": 306,
    "name": "Диканський р-н",
    "obl_id": 16
  },
  {
    "id": 307,
    "name": "Зіньківський р-н",
    "obl_id": 16
  },
  {
    "id": 308,
    "name": "Карлівський р-н",
    "obl_id": 16
  },
  {
    "id": 309,
    "name": "Кобеляцький р-н",
    "obl_id": 16
  },
  {
    "id": 310,
    "name": "Козельщинський р-н",
    "obl_id": 16
  },
  {
    "id": 311,
    "name": "Котелевський р-н",
    "obl_id": 16
  },
  {
    "id": 312,
    "name": "Кременчуцький р-н",
    "obl_id": 16
  },
  {
    "id": 313,
    "name": "Лохвицький р-н",
    "obl_id": 16
  },
  {
    "id": 314,
    "name": "Лубенський р-н",
    "obl_id": 16
  },
  {
    "id": 315,
    "name": "Машівський р-н",
    "obl_id": 16
  },
  {
    "id": 316,
    "name": "Миргородський р-н",
    "obl_id": 16
  },
  {
    "id": 317,
    "name": "Новосанжарський р-н",
    "obl_id": 16
  },
  {
    "id": 318,
    "name": "Оржицький р-н",
    "obl_id": 16
  },
  {
    "id": 319,
    "name": "Пирятинський р-н",
    "obl_id": 16
  },
  {
    "id": 320,
    "name": "Полтавський р-н",
    "obl_id": 16
  },
  {
    "id": 321,
    "name": "Решетилівський р-н",
    "obl_id": 16
  },
  {
    "id": 322,
    "name": "Семенівський р-н",
    "obl_id": 16
  },
  {
    "id": 323,
    "name": "Хорольський р-н",
    "obl_id": 16
  },
  {
    "id": 324,
    "name": "Чорнухинський р-н",
    "obl_id": 16
  },
  {
    "id": 325,
    "name": "Чутівський р-н",
    "obl_id": 16
  },
  {
    "id": 326,
    "name": "Шишацький р-н",
    "obl_id": 16
  },
  {
    "id": 327,
    "name": "Березнівський р-н",
    "obl_id": 17
  },
  {
    "id": 328,
    "name": "Володимирецький р-н",
    "obl_id": 17
  },
  {
    "id": 329,
    "name": "Гощанський р-н",
    "obl_id": 17
  },
  {
    "id": 330,
    "name": "Демидівський р-н",
    "obl_id": 17
  },
  {
    "id": 331,
    "name": "Дубенський р-н",
    "obl_id": 17
  },
  {
    "id": 332,
    "name": "Дубровицький р-н",
    "obl_id": 17
  },
  {
    "id": 333,
    "name": "Зарічненський р-н",
    "obl_id": 17
  },
  {
    "id": 334,
    "name": "Здолбунівський р-н",
    "obl_id": 17
  },
  {
    "id": 335,
    "name": "Корецький р-н",
    "obl_id": 17
  },
  {
    "id": 336,
    "name": "Костопільський р-н",
    "obl_id": 17
  },
  {
    "id": 337,
    "name": "Млинівський р-н",
    "obl_id": 17
  },
  {
    "id": 338,
    "name": "Острозький р-н",
    "obl_id": 17
  },
  {
    "id": 339,
    "name": "Рівненський р-н",
    "obl_id": 17
  },
  {
    "id": 340,
    "name": "Рокитнівський р-н",
    "obl_id": 17
  },
  {
    "id": 341,
    "name": "Сарненський р-н",
    "obl_id": 17
  },
  {
    "id": 342,
    "name": "Радивилівський р-н",
    "obl_id": 17
  },
  {
    "id": 343,
    "name": "Охтирський р-н",
    "obl_id": 18
  },
  {
    "id": 344,
    "name": "Білопільський р-н",
    "obl_id": 18
  },
  {
    "id": 345,
    "name": "Буринський р-н",
    "obl_id": 18
  },
  {
    "id": 346,
    "name": "Великописарівський р-н",
    "obl_id": 18
  },
  {
    "id": 347,
    "name": "Глухівський р-н",
    "obl_id": 18
  },
  {
    "id": 348,
    "name": "Конотопський р-н",
    "obl_id": 18
  },
  {
    "id": 349,
    "name": "Краснопільський р-н",
    "obl_id": 18
  },
  {
    "id": 350,
    "name": "Кролевецький р-н",
    "obl_id": 18
  },
  {
    "id": 351,
    "name": "Лебединський р-н",
    "obl_id": 18
  },
  {
    "id": 352,
    "name": "Липоводолинський р-н",
    "obl_id": 18
  },
  {
    "id": 353,
    "name": "Недригайлівський р-н",
    "obl_id": 18
  },
  {
    "id": 354,
    "name": "Путивльський р-н",
    "obl_id": 18
  },
  {
    "id": 355,
    "name": "Роменський р-н",
    "obl_id": 18
  },
  {
    "id": 356,
    "name": "Середино-Будський р-н",
    "obl_id": 18
  },
  {
    "id": 357,
    "name": "Сумський р-н",
    "obl_id": 18
  },
  {
    "id": 358,
    "name": "Шосткинський р-н",
    "obl_id": 18
  },
  {
    "id": 359,
    "name": "Бережанський р-н",
    "obl_id": 19
  },
  {
    "id": 360,
    "name": "Борщівський р-н",
    "obl_id": 19
  },
  {
    "id": 361,
    "name": "Бучацький р-н",
    "obl_id": 19
  },
  {
    "id": 362,
    "name": "Гусятинський р-н",
    "obl_id": 19
  },
  {
    "id": 363,
    "name": "Заліщицький р-н",
    "obl_id": 19
  },
  {
    "id": 364,
    "name": "Збаразький р-н",
    "obl_id": 19
  },
  {
    "id": 365,
    "name": "Зборівський р-н",
    "obl_id": 19
  },
  {
    "id": 366,
    "name": "Козівський р-н",
    "obl_id": 19
  },
  {
    "id": 367,
    "name": "Кременецький р-н",
    "obl_id": 19
  },
  {
    "id": 368,
    "name": "Лановецький р-н",
    "obl_id": 19
  },
  {
    "id": 369,
    "name": "Монастириський р-н",
    "obl_id": 19
  },
  {
    "id": 370,
    "name": "Підволочиський р-н",
    "obl_id": 19
  },
  {
    "id": 371,
    "name": "Підгаєцький р-н",
    "obl_id": 19
  },
  {
    "id": 372,
    "name": "Теребовлянський р-н",
    "obl_id": 19
  },
  {
    "id": 373,
    "name": "Тернопільський р-н",
    "obl_id": 19
  },
  {
    "id": 374,
    "name": "Чортківський р-н",
    "obl_id": 19
  },
  {
    "id": 375,
    "name": "Шумський р-н",
    "obl_id": 19
  },
  {
    "id": 376,
    "name": "Балаклійський р-н",
    "obl_id": 20
  },
  {
    "id": 377,
    "name": "Барвінківський р-н",
    "obl_id": 20
  },
  {
    "id": 378,
    "name": "Близнюківський р-н",
    "obl_id": 20
  },
  {
    "id": 379,
    "name": "Богодухівський р-н",
    "obl_id": 20
  },
  {
    "id": 380,
    "name": "Борівський р-н",
    "obl_id": 20
  },
  {
    "id": 381,
    "name": "Валківський р-н",
    "obl_id": 20
  },
  {
    "id": 382,
    "name": "Великобурлуцький р-н",
    "obl_id": 20
  },
  {
    "id": 383,
    "name": "Вовчанський р-н",
    "obl_id": 20
  },
  {
    "id": 384,
    "name": "Зміївський р-н",
    "obl_id": 20
  },
  {
    "id": 385,
    "name": "Дворічанський р-н",
    "obl_id": 20
  },
  {
    "id": 386,
    "name": "Дергачівський р-н",
    "obl_id": 20
  },
  {
    "id": 387,
    "name": "Зачепилівський р-н",
    "obl_id": 20
  },
  {
    "id": 388,
    "name": "Ізюмський р-н",
    "obl_id": 20
  },
  {
    "id": 389,
    "name": "Кегичівський р-н",
    "obl_id": 20
  },
  {
    "id": 390,
    "name": "Коломацький р-н",
    "obl_id": 20
  },
  {
    "id": 391,
    "name": "Красноградський р-н",
    "obl_id": 20
  },
  {
    "id": 392,
    "name": "Краснокутський р-н",
    "obl_id": 20
  },
  {
    "id": 393,
    "name": "Куп'янський р-н",
    "obl_id": 20
  },
  {
    "id": 394,
    "name": "Лозівський р-н",
    "obl_id": 20
  },
  {
    "id": 395,
    "name": "Нововодолазький р-н",
    "obl_id": 20
  },
  {
    "id": 396,
    "name": "Печенізький р-н",
    "obl_id": 20
  },
  {
    "id": 397,
    "name": "Сахновщинський р-н",
    "obl_id": 20
  },
  {
    "id": 398,
    "name": "Харківський р-н",
    "obl_id": 20
  },
  {
    "id": 399,
    "name": "Чугуївський р-н",
    "obl_id": 20
  },
  {
    "id": 400,
    "name": "Шевченківський р-н",
    "obl_id": 20
  },
  {
    "id": 401,
    "name": "Білозерський р-н",
    "obl_id": 21
  },
  {
    "id": 402,
    "name": "Бериславський р-н",
    "obl_id": 21
  },
  {
    "id": 403,
    "name": "Великоолександрівський р-н",
    "obl_id": 21
  },
  {
    "id": 404,
    "name": "Великолепетиський р-н",
    "obl_id": 21
  },
  {
    "id": 405,
    "name": "Верхньорогачицький р-н",
    "obl_id": 21
  },
  {
    "id": 406,
    "name": "Високопільський р-н",
    "obl_id": 21
  },
  {
    "id": 407,
    "name": "Генічеський р-н",
    "obl_id": 21
  },
  {
    "id": 408,
    "name": "Голопристанський р-н",
    "obl_id": 21
  },
  {
    "id": 409,
    "name": "Горностаївський р-н",
    "obl_id": 21
  },
  {
    "id": 410,
    "name": "Каланчацький р-н",
    "obl_id": 21
  },
  {
    "id": 411,
    "name": "Каховський р-н",
    "obl_id": 21
  },
  {
    "id": 412,
    "name": "Нижньосірогозький р-н",
    "obl_id": 21
  },
  {
    "id": 413,
    "name": "Нововоронцовський р-н",
    "obl_id": 21
  },
  {
    "id": 414,
    "name": "Новотроїцький р-н",
    "obl_id": 21
  },
  {
    "id": 415,
    "name": "Скадовський р-н",
    "obl_id": 21
  },
  {
    "id": 416,
    "name": "Цюрупинський р-н",
    "obl_id": 21
  },
  {
    "id": 417,
    "name": "Чаплинський р-н",
    "obl_id": 21
  },
  {
    "id": 418,
    "name": "Олешківський р-н",
    "obl_id": 21
  },
  {
    "id": 419,
    "name": "Віньковецький р-н",
    "obl_id": 22
  },
  {
    "id": 420,
    "name": "Волочиський р-н",
    "obl_id": 22
  },
  {
    "id": 421,
    "name": "Деражнянський р-н",
    "obl_id": 22
  },
  {
    "id": 422,
    "name": "Дунаєвецький р-н",
    "obl_id": 22
  },
  {
    "id": 423,
    "name": "Ізяславський р-н",
    "obl_id": 22
  },
  {
    "id": 424,
    "name": "Кам'янець-Подільський р-н",
    "obl_id": 22
  },
  {
    "id": 425,
    "name": "Красилівський р-н",
    "obl_id": 22
  },
  {
    "id": 426,
    "name": "Летичівський р-н",
    "obl_id": 22
  },
  {
    "id": 427,
    "name": "Новоушицький р-н",
    "obl_id": 22
  },
  {
    "id": 428,
    "name": "Полонський р-н",
    "obl_id": 22
  },
  {
    "id": 429,
    "name": "Славутський р-н",
    "obl_id": 22
  },
  {
    "id": 430,
    "name": "Старокостянтинівський р-н",
    "obl_id": 22
  },
  {
    "id": 431,
    "name": "Старосинявський р-н",
    "obl_id": 22
  },
  {
    "id": 432,
    "name": "Теофіпольський р-н",
    "obl_id": 22
  },
  {
    "id": 433,
    "name": "Хмельницький р-н",
    "obl_id": 22
  },
  {
    "id": 434,
    "name": "Чемеровецький р-н",
    "obl_id": 22
  },
  {
    "id": 435,
    "name": "Шепетівський р-н",
    "obl_id": 22
  },
  {
    "id": 436,
    "name": "Ярмолинецький р-н",
    "obl_id": 22
  },
  {
    "id": 437,
    "name": "Городищенський р-н",
    "obl_id": 23
  },
  {
    "id": 438,
    "name": "Драбівський р-н",
    "obl_id": 23
  },
  {
    "id": 439,
    "name": "Жашківський р-н",
    "obl_id": 23
  },
  {
    "id": 440,
    "name": "Звенигородський р-н",
    "obl_id": 23
  },
  {
    "id": 441,
    "name": "Золотоніський р-н",
    "obl_id": 23
  },
  {
    "id": 442,
    "name": "Кам'янський р-н",
    "obl_id": 23
  },
  {
    "id": 443,
    "name": "Канівський р-н",
    "obl_id": 23
  },
  {
    "id": 444,
    "name": "Катеринопільський р-н",
    "obl_id": 23
  },
  {
    "id": 445,
    "name": "Корсунь-Шевченківський р-н",
    "obl_id": 23
  },
  {
    "id": 446,
    "name": "Лисянський р-н",
    "obl_id": 23
  },
  {
    "id": 447,
    "name": "Маньківський р-н",
    "obl_id": 23
  },
  {
    "id": 448,
    "name": "Монастирищенський р-н",
    "obl_id": 23
  },
  {
    "id": 449,
    "name": "Смілянський р-н",
    "obl_id": 23
  },
  {
    "id": 450,
    "name": "Тальнівський р-н",
    "obl_id": 23
  },
  {
    "id": 451,
    "name": "Уманський р-н",
    "obl_id": 23
  },
  {
    "id": 452,
    "name": "Христинівський р-н",
    "obl_id": 23
  },
  {
    "id": 453,
    "name": "Черкаський р-н",
    "obl_id": 23
  },
  {
    "id": 454,
    "name": "Чорнобаївський р-н",
    "obl_id": 23
  },
  {
    "id": 455,
    "name": "Чигиринський р-н",
    "obl_id": 23
  },
  {
    "id": 456,
    "name": "Шполянський р-н",
    "obl_id": 23
  },
  {
    "id": 457,
    "name": "Вижницький р-н",
    "obl_id": 24
  },
  {
    "id": 458,
    "name": "Герцаївський р-н",
    "obl_id": 24
  },
  {
    "id": 459,
    "name": "Глибоцький р-н",
    "obl_id": 24
  },
  {
    "id": 460,
    "name": "Заставнівський р-н",
    "obl_id": 24
  },
  {
    "id": 461,
    "name": "Кельменецький р-н",
    "obl_id": 24
  },
  {
    "id": 462,
    "name": "Кіцманський р-н",
    "obl_id": 24
  },
  {
    "id": 463,
    "name": "Новоселицький р-н",
    "obl_id": 24
  },
  {
    "id": 464,
    "name": "Путильський р-н",
    "obl_id": 24
  },
  {
    "id": 465,
    "name": "Сокирянський р-н",
    "obl_id": 24
  },
  {
    "id": 466,
    "name": "Сторожинецький р-н",
    "obl_id": 24
  },
  {
    "id": 467,
    "name": "Хотинський р-н",
    "obl_id": 24
  },
  {
    "id": 468,
    "name": "Бахмацький р-н",
    "obl_id": 25
  },
  {
    "id": 469,
    "name": "Бобровицький р-н",
    "obl_id": 25
  },
  {
    "id": 470,
    "name": "Борзнянський р-н",
    "obl_id": 25
  },
  {
    "id": 471,
    "name": "Варвинський р-н",
    "obl_id": 25
  },
  {
    "id": 472,
    "name": "Городнянський р-н",
    "obl_id": 25
  },
  {
    "id": 473,
    "name": "Ічнянський р-н",
    "obl_id": 25
  },
  {
    "id": 474,
    "name": "Козелецький р-н",
    "obl_id": 25
  },
  {
    "id": 475,
    "name": "Коропський р-н",
    "obl_id": 25
  },
  {
    "id": 476,
    "name": "Корюківський р-н",
    "obl_id": 25
  },
  {
    "id": 477,
    "name": "Куликівський р-н",
    "obl_id": 25
  },
  {
    "id": 478,
    "name": "Менський р-н",
    "obl_id": 25
  },
  {
    "id": 479,
    "name": "Ніжинський р-н",
    "obl_id": 25
  },
  {
    "id": 480,
    "name": "Новгород-Сіверський р-н",
    "obl_id": 25
  },
  {
    "id": 481,
    "name": "Носівський р-н",
    "obl_id": 25
  },
  {
    "id": 482,
    "name": "Прилуцький р-н",
    "obl_id": 25
  },
  {
    "id": 483,
    "name": "Ріпкинський р-н",
    "obl_id": 25
  },
  {
    "id": 484,
    "name": "Сосницький р-н",
    "obl_id": 25
  },
  {
    "id": 485,
    "name": "Срібнянський р-н",
    "obl_id": 25
  },
  {
    "id": 486,
    "name": "Талалаївський р-н",
    "obl_id": 25
  },
  {
    "id": 487,
    "name": "Щорський р-н",
    "obl_id": 25
  },
  {
    "id": 488,
    "name": "Сновський р-н",
    "obl_id": 25
  },
  {
    "id": 489,
    "name": "р.Деснянський",
    "obl_id": 26
  },
  {
    "id": 490,
    "name": "р.Дарницький",
    "obl_id": 26
  },
  {
    "id": 491,
    "name": "р.Дніпровський",
    "obl_id": 26
  },
  {
    "id": 492,
    "name": "р.Святошинський",
    "obl_id": 26
  },
  {
    "id": 493,
    "name": "р.Солом'янський",
    "obl_id": 26
  },
  {
    "id": 494,
    "name": "р.Ленінградський (назва нечинна)",
    "obl_id": 26
  },
  {
    "id": 495,
    "name": "р.Старокиївський (назва нечинна)",
    "obl_id": 26
  },
  {
    "id": 496,
    "name": "р.Оболонський",
    "obl_id": 26
  },
  {
    "id": 497,
    "name": "р.Голосіївський",
    "obl_id": 26
  },
  {
    "id": 498,
    "name": "р.Печерський",
    "obl_id": 26
  },
  {
    "id": 499,
    "name": "р.Подільський",
    "obl_id": 26
  },
  {
    "id": 500,
    "name": "р.Радянський (назва нечинна)",
    "obl_id": 26
  },
  {
    "id": 501,
    "name": "р.Харківський (назва нечинна)",
    "obl_id": 26
  },
  {
    "id": 502,
    "name": "р.Шевченківський",
    "obl_id": 26
  },
  {
    "id": 503,
    "name": "р.Балаклавський",
    "obl_id": 27
  },
  {
    "id": 504,
    "name": "р.Гагарінський",
    "obl_id": 27
  },
  {
    "id": 505,
    "name": "р.Ленінський",
    "obl_id": 27
  },
  {
    "id": 506,
    "name": "р.Нахімовський",
    "obl_id": 27
  }
]
